scenario_id,prompt_style,turn,question,any_bias,leading,closed,anchoring,loaded,double_barreled,severity,rationale,neutral_rewrite
checkout_flow,bare,1,"Let's get started with the interview. 

Can you walk me through your typical online shopping experience, starting from when you find a product you're interested in and ending when you decide whether to complete a purchase or abandon your cart?",False,False,False,False,False,False,0,This question is open-ended and allows the participant to share their genuine experience without any influence or bias.,Can you describe your usual online shopping process from start to finish?
checkout_flow,bare,2,"Do you find that you're more likely to abandon your cart on certain types of websites, like those that specialize in groceries or those that are more general retailers like Amazon?",True,True,False,True,False,False,2,"The question introduces specific types of websites, which could influence the participant's response and shape their answer.",Are there any differences in how you interact with different types of online stores?
checkout_flow,bare,3,"When you do encounter issues during checkout, like being asked to log in when you're already logged in, do you try to troubleshoot the problem yourself or do you usually look for a way to contact customer support for help?",True,True,False,True,False,False,2,"The question assumes a specific issue and presents two potential actions, which could limit the participant's response and introduce bias.",What do you usually do when you encounter problems during the checkout process?
checkout_flow,bare,4,Have you ever had a particularly frustrating experience with an online checkout process that made you decide to avoid shopping on that website altogether?,True,True,True,False,True,False,3,"The question uses emotionally charged language and implies a negative experience, which could elicit a biased response.",Can you recall any experiences with online checkout processes that led you to change your shopping behavior?
checkout_flow,ux_guidelines,1,"Can you describe a recent online shopping experience where you abandoned your cart, and what specifically led you to stop the checkout process?",False,False,False,False,False,False,0,This question is open-ended and allows the participant to share their genuine experience without any influence or bias.,Can you tell me about a recent time when you didn't complete an online purchase?
checkout_flow,ux_guidelines,2,"When you compared the two websites, what factors influenced your decision to choose the one that didn't require creating an account upfront?",True,True,False,True,False,False,2,"The question assumes the participant compared two websites and chose one based on account creation, which might not be the case, and introduces a specific feature (account creation) that could shape the answer.",What factors do you consider when deciding which website to use for online shopping?
checkout_flow,ux_guidelines,3,You mentioned that you might create an account later if you wanted to track your orders or get rewards – have you ever created an account on an ecommerce website to take advantage of rewards or tracking features?,True,True,False,True,False,False,2,"The question references a previous statement that might not have been made and assumes the participant's motivations for creating an account, which could influence their response.",What benefits would motivate you to create an account on an ecommerce website?
checkout_flow,ux_guidelines,4,"Can you think of any situations where creating an account on an ecommerce website might be worth the extra step to you, even if it's not for rewards or tracking features?",True,False,False,True,False,False,1,The question introduces a specific context (creating an account) but does so in a way that allows the participant to think critically about their preferences without leading them towards a particular answer.,What would make creating an account on an ecommerce website worthwhile for you?
checkout_flow,bias_guardrail,1,"Can you walk me through your typical online shopping experience, including the steps you take when checking out?",False,False,False,False,False,False,0,This question is open-ended and allows the participant to share their genuine experience without any influence or bias.,Can you describe your usual online shopping process?
checkout_flow,bias_guardrail,2,What specifically makes you decide that the checkout process is going to take too long or is unclear?,False,False,False,False,False,False,0,"This question seeks specific factors influencing the participant's decision, without introducing any bias or assumption.",What factors contribute to your perception of the checkout process?
checkout_flow,bias_guardrail,3,Can you give an example of a recent online shopping experience where you abandoned your cart due to issues with the checkout process?,False,False,False,False,False,False,0,"This question asks for a specific example, which can provide valuable insight into the participant's experience without influencing their response.",Have you had any recent online shopping experiences where you didn't complete a purchase due to checkout issues?
checkout_flow,bias_guardrail,4,How do you typically decide whether or not to create an account when prompted during the checkout process?,False,False,False,False,False,False,0,"This question explores the participant's thought process in a neutral manner, without introducing any potential biases or assumptions.",What influences your decision to create an account or not during checkout?
budgeting_app,bare,1,"Let's start the interview. 

Hi, thank you for participating in this study. I'm interested in understanding how you think about money and budgeting. 

Can you tell me a little bit about how you currently manage your finances, such as tracking expenses or making savings goals?",False,False,False,False,False,False,0,"This question is open-ended and neutral, allowing the participant to share their thoughts and experiences without any influence or bias.",Can you describe your current approach to managing your finances?
budgeting_app,bare,2,"You've tried budgeting apps in the past, but they didn't quite stick. Can you tell me what made you stop using those apps?",True,True,False,True,False,False,1,"The question assumes the participant has tried budgeting apps and implies they didn't work, which could influence their response.","Have you used any budgeting apps in the past? If so, what was your experience like?"
budgeting_app,bare,3,"It sounds like you value simplicity and accuracy in a budgeting app. Have you ever thought about what features would make an app more appealing to you, or what would make you more likely to use it consistently?",True,True,False,True,False,True,2,"The question assumes the participant values simplicity and accuracy, and asks about two separate things (features and usage), which could confuse the participant.",What do you think would make a budgeting app more useful to you?
budgeting_app,bare,4,"It sounds like you think automatic categorization could be a major time-saver and reduce some of the stress around budgeting. Have you ever thought about how you'd feel if the app made any mistakes in categorizing your spending, and you had to correct it?",True,True,False,True,False,False,2,"The question assumes the participant thinks automatic categorization is beneficial and asks about a specific scenario, which could influence their response.",How do you think you would handle errors in a budgeting app's categorization of your spending?
budgeting_app,ux_guidelines,1,Can you describe a recent situation where you had trouble keeping track of your expenses or staying on top of your finances?,False,False,False,False,False,False,0,This question is open-ended and allows the participant to share their genuine experience without any influence or bias.,Can you tell me about a time when you had difficulty managing your finances?
budgeting_app,ux_guidelines,2,How did you typically try to keep track of your expenses before you realized you had overspent last month?,True,True,False,True,False,False,1,"The question assumes the participant realized they overspent last month, which might not be the case, and introduces a specific timeframe that could influence their response.",What methods have you used in the past to track your expenses?
budgeting_app,ux_guidelines,3,"It sounds like you had a mix of informal methods for tracking your expenses. Have you ever used a budgeting tool or app before, or is this something you've never really tried?",True,False,False,False,False,True,1,"The question asks about two separate things: using a budgeting tool or app before and not having tried it, which could confuse the participant.","Have you ever used a budgeting tool or app? If so, what was your experience like?"
budgeting_app,ux_guidelines,4,What do you think would make a budgeting app or tool feel less like a chore and more like something you'd actually use regularly?,False,False,False,False,False,False,0,This question is open-ended and allows the participant to share their honest thoughts and feelings about using a budgeting app or tool.,What features or characteristics would make a budgeting app or tool appealing to you?
budgeting_app,bias_guardrail,1,Can you tell me about your current process for tracking your expenses and managing your finances?,False,False,False,False,False,False,0,"This question is open-ended and neutral, allowing the participant to share their process without any influence or assumption.",Can you describe how you currently track and manage your finances?
budgeting_app,bias_guardrail,2,What are some things that make it difficult for you to keep track of your expenses in a consistent way?,False,False,False,False,False,False,0,"This question is exploratory and non-leading, inviting the participant to share their challenges without any preconceptions.",What challenges do you face when trying to track your expenses consistently?
budgeting_app,bias_guardrail,3,"How do you currently handle situations where you need to make an unexpected purchase, like a sudden car repair or a last-minute flight home for a family event?",True,False,False,True,False,False,1,"The question introduces specific examples of unexpected purchases, which might influence the participant's response, but it still allows for an open-ended answer.",Can you describe how you handle unexpected expenses?
budgeting_app,bias_guardrail,4,"What are some factors that influence your decision about whether to use your emergency fund, a credit card, or another source of money when you need to make an unexpected purchase?",True,False,False,True,False,False,1,"The question mentions specific financial instruments, which might shape the participant's response, but it still seeks an open-ended answer about the factors influencing their decision.",What factors influence your decision when choosing a source of funds for unexpected expenses?
